"Message",Low,"La génération a démarré."
"Message",Low,"Projet ""Unnamed_1"" (cibles par défaut) :"
"Message",Low,"Génération à l'aide des outils version ""4.0""."
"Message",Low,"Cible ""PrintILCStartMessage"" dans le fichier ""C:\Program Files (x86)\MSBuild\Microsoft\.NetNative\ARM\ilc\IlcInternals.targets"" du projet ""D:\Projets\StrasInfo\StrasInfo\StrasInfo\Unnamed_1"" (la cible ""Build"" en dépend) :"
"Message",Low,"Utilisation de la tâche ""IlcMessageTask"" à partir de l'assembly ""C:\Program Files (x86)\MSBuild\Microsoft\.NetNative\ARM\ilc\ilc.exe""."
"Message",Low,"Tâche ""IlcMessageTask"""
"Message",High,"Démarrage de la compilation .NET Native"
"Message",Low,"Exécution de la tâche ""IlcMessageTask"" terminée."
"Message",Low,"Génération de la cible ""PrintILCStartMessage"" terminée dans le projet ""Unnamed_1""."
"Message",Low,"Cible ""LogAppContextSwitches"" dans le fichier ""C:\Program Files (x86)\MSBuild\Microsoft\.NetNative\ARM\ilc\IlcInternals.targets"" du projet ""D:\Projets\StrasInfo\StrasInfo\StrasInfo\Unnamed_1"" (la cible ""SetMainTargetPaths"" en dépend) :"
"Message",Low,"Utilisation de la tâche ""Message"" à partir de l'assembly ""Microsoft.Build.Tasks.v4.0, Version=4.0.0.0, Culture=neutral, PublicKeyToken=b03f5f7f11d50a3a""."
"Message",Low,"Tâche ""Message"""
"Message",Normal,"AppContextSwitch: ''"
"Message",Low,"Exécution de la tâche ""Message"" terminée."
"Message",Low,"Génération de la cible ""LogAppContextSwitches"" terminée dans le projet ""Unnamed_1""."
"Message",Low,"Cible ""SetMainTargetPaths"" dans le fichier ""C:\Program Files (x86)\MSBuild\Microsoft\.NetNative\ARM\ilc\IlcInternals.targets"" du projet ""D:\Projets\StrasInfo\StrasInfo\StrasInfo\Unnamed_1"" (la cible ""CopyNativeExecutablesToOutput"" en dépend) :"
"Message",Low,"Génération de la cible ""SetMainTargetPaths"" terminée dans le projet ""Unnamed_1""."
"Message",Low,"Cible ""GenerateFakeExe"" ignorée en raison d'une fausse condition ; (!Exists('@(InputILTarget)')) a été évaluée comme (!Exists('D:\Projets\StrasInfo\StrasInfo\StrasInfo\obj\ARM\Release\ilc\in\StrasInfo.exe'))."
"Message",Low,"Cible ""InjectCoreLibTypeForwards"" dans le fichier ""C:\Program Files (x86)\MSBuild\Microsoft\.NetNative\ARM\ilc\IlcInternals.targets"" du projet ""D:\Projets\StrasInfo\StrasInfo\StrasInfo\Unnamed_1"" (la cible ""RunILTransforms"" en dépend) :"
"Message",Low,"Utilisation de la tâche ""MakeDir"" à partir de l'assembly ""Microsoft.Build.Tasks.v4.0, Version=4.0.0.0, Culture=neutral, PublicKeyToken=b03f5f7f11d50a3a""."
"Message",Low,"Tâche ""MakeDir"""
"Message",Normal,"Création du répertoire ""D:\Projets\StrasInfo\StrasInfo\StrasInfo\obj\ARM\Release\ilc\intermediate\TransformedCoreLib\""."
"Message",Low,"Exécution de la tâche ""MakeDir"" terminée."
"Message",Low,"Utilisation de la tâche ""ILTransformTask"" à partir de l'assembly ""Microsoft.Build.ILTasks""."
"Message",Low,"Tâche ""ILTransformTask"""
"Message",Normal,"Exécution de la transformation 'InjectCoreLibTypeForwards', tas à 13 Mo."
"Message",Normal,"Exécution de la transformation 'InjectCoreLibIReflectableTypeSupport', tas à 42 Mo."
"Message",Normal,"Exécution de la transformation 'WriteAssemblies', tas à 42 Mo."
"Message",Normal,""
"Message",Normal,"Résumé de la transformation"
"Message",Normal,"   ms | delta du tas | nom"
"Message",Normal,"   977 |         29 | InjectCoreLibTypeForwards"
"Message",Normal,"   461 |         19 | WriteAssemblies"
"Message",Normal,"    30 |          0 | InjectCoreLibIReflectableTypeSupport"
"Message",Low,"Exécution de la tâche ""ILTransformTask"" terminée."
"Message",Low,"Génération de la cible ""InjectCoreLibTypeForwards"" terminée dans le projet ""Unnamed_1""."
"Message",Low,"Cible ""InjectCoreLibTypeForwards"" ignorée. Avait été générée correctement."
"Message",Low,"Cible ""PreResolveTransforms"" dans le fichier ""C:\Program Files (x86)\MSBuild\Microsoft\.NetNative\ARM\ilc\IlcInternals.targets"" du projet ""D:\Projets\StrasInfo\StrasInfo\StrasInfo\Unnamed_1"" (la cible ""RunILTransforms"" en dépend) :"
"Message",Low,"Génération complète de la cible ""PreResolveTransforms""."
"Message",Low,"Le fichier de sortie ""D:\Projets\StrasInfo\StrasInfo\StrasInfo\obj\ARM\Release\ilc\intermediate\PreMergeILTransformed\StrasInfo.exe"" n'existe pas."
"Message",Low,"Tâche ""MakeDir"""
"Message",Normal,"Création du répertoire ""D:\Projets\StrasInfo\StrasInfo\StrasInfo\obj\ARM\Release\ilc\intermediate\PreMergeILTransformed\""."
"Message",Low,"Exécution de la tâche ""MakeDir"" terminée."
"Message",Low,"Utilisation de la tâche ""AssemblyClosureTask"" à partir de l'assembly ""Microsoft.Build.ILTasks""."
"Message",Low,"Tâche ""AssemblyClosureTask"""
"Message",Low,"Exécution de la tâche ""AssemblyClosureTask"" terminée."
"Message",Low,"Tâche ""ILTransformTask"""
"Message",Normal,"Exécution de la transformation 'ResolveSelfReferences', tas à 42 Mo."
"Message",Normal,"Symboles introuvables pour l'assembly 'D:\Projets\StrasInfo\StrasInfo\StrasInfo\obj\ARM\Release\ilc\in\CsvHelper.dll'. Les symboles doivent être placés dans le même dossier que l'assembly."
"Message",Normal,"Symboles introuvables pour l'assembly 'D:\Projets\StrasInfo\StrasInfo\StrasInfo\obj\ARM\Release\ilc\in\GalaSoft.MvvmLight.dll'. Les symboles doivent être placés dans le même dossier que l'assembly."
"Message",Normal,"Symboles introuvables pour l'assembly 'D:\Projets\StrasInfo\StrasInfo\StrasInfo\obj\ARM\Release\ilc\in\GalaSoft.MvvmLight.Extras.dll'. Les symboles doivent être placés dans le même dossier que l'assembly."
"Message",Normal,"Symboles introuvables pour l'assembly 'D:\Projets\StrasInfo\StrasInfo\StrasInfo\obj\ARM\Release\ilc\in\GalaSoft.MvvmLight.Platform.dll'. Les symboles doivent être placés dans le même dossier que l'assembly."
"Message",Normal,"Symboles introuvables pour l'assembly 'D:\Projets\StrasInfo\StrasInfo\StrasInfo\obj\ARM\Release\ilc\in\Microsoft.Practices.ServiceLocation.dll'. Les symboles doivent être placés dans le même dossier que l'assembly."
"Message",Normal,"Symboles introuvables pour l'assembly 'D:\Projets\StrasInfo\StrasInfo\StrasInfo\obj\ARM\Release\ilc\in\MoreLinq.Portable.dll'. Les symboles doivent être placés dans le même dossier que l'assembly."
"Message",Normal,"Symboles introuvables pour l'assembly 'D:\Projets\StrasInfo\StrasInfo\StrasInfo\obj\ARM\Release\ilc\in\Newtonsoft.Json.dll'. Les symboles doivent être placés dans le même dossier que l'assembly."
"Message",Normal,"Exécution de la transformation 'RemoveDuplicateMembers', tas à 76 Mo."
"Message",Normal,"Exécution de la transformation 'GenericNameValidator', tas à 76 Mo."
"Message",Normal,"Exécution de la transformation 'PortableLib', tas à 76 Mo."
"Message",Normal,"Exécution de la transformation 'WriteAssemblies', tas à 79 Mo."
"Message",Normal,""
"Message",Normal,"Résumé de la transformation"
"Message",Normal,"   ms | delta du tas | nom"
"Message",Normal,"   669 |         34 | ResolveSelfReferences"
"Message",Normal,"   479 |          3 | PortableLib"
"Message",Normal,"   322 |         14 | WriteAssemblies"
"Message",Normal,"    14 |          0 | GenericNameValidator"
"Message",Normal,"     0 |          0 | RemoveDuplicateMembers"
"Message",Low,"Exécution de la tâche ""ILTransformTask"" terminée."
"Message",Low,"Tâche ""Copy"" ignorée en raison d'une fausse condition ; (!Exists('@(IntermediatePreMergeILTransformedExeTarget)') and Exists('@(InputILSymbols)')) a été évaluée comme (!Exists('D:\Projets\StrasInfo\StrasInfo\StrasInfo\obj\ARM\Release\ilc\intermediate\PreMergeILTransformed\StrasInfo.exe') and Exists('D:\Projets\StrasInfo\StrasInfo\StrasInfo\obj\ARM\Release\ilc\in\StrasInfo.pdb'))."
"Message",Low,"Tâche ""Copy"" ignorée en raison d'une fausse condition ; (!Exists('@(IntermediatePreMergeILTransformedExeTarget)')) a été évaluée comme (!Exists('D:\Projets\StrasInfo\StrasInfo\StrasInfo\obj\ARM\Release\ilc\intermediate\PreMergeILTransformed\StrasInfo.exe'))."
"Message",Low,"Tâche ""Copy"" ignorée en raison d'une fausse condition ; ('$(HasMcgPatchDlls)'=='true') a été évaluée comme (''=='true')."
"Message",Low,"Génération de la cible ""PreResolveTransforms"" terminée dans le projet ""Unnamed_1""."
"Message",Low,"Cible ""InitInputResourceName"" dans le fichier ""C:\Program Files (x86)\MSBuild\Microsoft\.NetNative\ARM\ilc\IlcInternals.targets"" du projet ""D:\Projets\StrasInfo\StrasInfo\StrasInfo\Unnamed_1"" (la cible ""RunILTransforms"" en dépend) :"
"Message",Low,"Tâche ""ResolveFilePathTask"" ignorée en raison d'une fausse condition ; ('$(InputPath)' != '' and Exists('$(InputPath)\obj\')) a été évaluée comme ('D:\Projets\StrasInfo\StrasInfo\StrasInfo\obj\ARM\Release\ilc\in' != '' and Exists('D:\Projets\StrasInfo\StrasInfo\StrasInfo\obj\ARM\Release\ilc\in\obj\'))."
"Message",Low,"Utilisation de la tâche ""ResolveFilePathTask"" à partir de l'assembly ""Microsoft.Build.ILTasks""."
"Message",Low,"Tâche ""ResolveFilePathTask"""
"Message",Low,"Exécution de la tâche ""ResolveFilePathTask"" terminée."
"Message",Low,"Génération de la cible ""InitInputResourceName"" terminée dans le projet ""Unnamed_1""."
"Message",Low,"Cible ""PreResolveTransforms"" ignorée. Avait été générée correctement."
"Message",Low,"Cible ""SetForSharedInputs"" ignorée en raison d'une fausse condition ; ('$(UseSharedAssemblies)' == 'true') a été évaluée comme ('false' == 'true')."
"Message",Low,"Cible ""SetForBuildSharedAssemblies"" ignorée en raison d'une fausse condition ; ('$(BuildSharedAssemblies)' == 'true') a été évaluée comme ('false' == 'true')."
"Message",Low,"Cible ""ResolveInitialReferences"" dans le fichier ""C:\Program Files (x86)\MSBuild\Microsoft\.NetNative\ARM\ilc\IlcInternals.targets"" du projet ""D:\Projets\StrasInfo\StrasInfo\StrasInfo\Unnamed_1"" (la cible ""RunILTransforms"" en dépend) :"
"Message",Low,"Tâche ""ResolveFilePathTask"""
"Message",Low,"Exécution de la tâche ""ResolveFilePathTask"" terminée."
"Message",Low,"Tâche ""ResolveFilePathTask"""
"Message",Low,"Exécution de la tâche ""ResolveFilePathTask"" terminée."
"Message",Low,"Tâche ""IlcErrorTask"" ignorée en raison d'une fausse condition ; ('@(UnresolvedManagedDllFilesErrorParameters)'!='') a été évaluée comme (''!='')."
"Message",Low,"Tâche ""AssemblyClosureTask"""
"Message",Low,"Exécution de la tâche ""AssemblyClosureTask"" terminée."
"Message",Low,"Tâche ""AssemblyClosureTask"""
"Message",Low,"Exécution de la tâche ""AssemblyClosureTask"" terminée."
"Message",Low,"Utilisation de la tâche ""RemoveDuplicates"" à partir de l'assembly ""Microsoft.Build.Tasks.v4.0, Version=4.0.0.0, Culture=neutral, PublicKeyToken=b03f5f7f11d50a3a""."
"Message",Low,"Tâche ""RemoveDuplicates"""
"Message",Low,"Exécution de la tâche ""RemoveDuplicates"" terminée."
"Message",Low,"Génération de la cible ""ResolveInitialReferences"" terminée dans le projet ""Unnamed_1""."
"Message",Low,"Cible ""RunILTransforms"" dans le fichier ""C:\Program Files (x86)\MSBuild\Microsoft\.NetNative\ARM\ilc\IlcInternals.targets"" du projet ""D:\Projets\StrasInfo\StrasInfo\StrasInfo\Unnamed_1"" (la cible ""GenerateMDILResponseFileSingleFile"" en dépend) :"
"Message",Low,"Génération complète de la cible ""RunILTransforms""."
"Message",Low,"Le fichier de sortie ""D:\Projets\StrasInfo\StrasInfo\StrasInfo\obj\ARM\Release\ilc\intermediate\ILTransformed\StrasInfo.ilexe"" n'existe pas."
"Message",Low,"Tâche ""IlcMessageTask"""
"Message",High,"Traitement du code de l'application"
"Message",Low,"Exécution de la tâche ""IlcMessageTask"" terminée."
"Message",Low,"Utilisation de la tâche ""ValidateSimpleNamesTask"" à partir de l'assembly ""C:\Program Files (x86)\MSBuild\Microsoft\.NetNative\ARM\ilc\ilc.exe""."
"Message",Low,"Tâche ""ValidateSimpleNamesTask"""
"Message",Low,"Exécution de la tâche ""ValidateSimpleNamesTask"" terminée."
"Message",Low,"Tâche ""MakeDir"""
"Message",Normal,"Création du répertoire ""D:\Projets\StrasInfo\StrasInfo\StrasInfo\obj\ARM\Release\ilc\intermediate\ILTransformed\""."
"Message",Low,"Exécution de la tâche ""MakeDir"" terminée."
"Message",Low,"Tâche ""MakeDir"" ignorée en raison d'une fausse condition ; ('$(BuildSharedAssemblies)' == 'true' And '$(InternalFeatureSwitch_ILTableOfContents)' == 'true') a été évaluée comme ('false' == 'true' And 'true' == 'true')."
"Message",Low,"Tâche ""MakeDir"" ignorée en raison d'une fausse condition ; ('$(BuildSharedAssemblies)' == 'true' And '$(InternalFeatureSwitch_ILTableOfContents)' == 'true') a été évaluée comme ('false' == 'true' And 'true' == 'true')."
"Message",Low,"Tâche ""IlcErrorTask"" ignorée en raison d'une fausse condition ; ('$(PlatformTarget)'=='') a été évaluée comme ('arm'=='')."
"Message",Low,"Tâche ""ResolveFilePathTask"""
"Message",Low,"Exécution de la tâche ""ResolveFilePathTask"" terminée."
"Message",Low,"Tâche ""IlcErrorTask"" ignorée en raison d'une fausse condition ; ('@(UnresolvedMcgSourceContractsReferencesErrorParameters)'!='') a été évaluée comme (''!='')."
"Message",Low,"Tâche ""ResolveFilePathTask"""
"Message",Low,"Exécution de la tâche ""ResolveFilePathTask"" terminée."
"Message",Low,"Tâche ""IlcErrorTask"" ignorée en raison d'une fausse condition ; ('@(UnresolvedMcgSourceFacadeErrorParameters)'!='') a été évaluée comme (''!='')."
"Message",Low,"Tâche ""ResolveFilePathTask"""
"Message",Low,"Exécution de la tâche ""ResolveFilePathTask"" terminée."
"Message",Low,"Tâche ""ResolveFilePathTask"""
"Message",Low,"Exécution de la tâche ""ResolveFilePathTask"" terminée."
"Message",Low,"Tâche ""IlcErrorTask"" ignorée en raison d'une fausse condition ; ('@(UnresolvedManagedDllFilesErrorParameters)'!='') a été évaluée comme (''!='')."
"Message",Low,"Tâche ""AssemblyClosureTask"""
"Message",Low,"Exécution de la tâche ""AssemblyClosureTask"" terminée."
"Message",Low,"Tâche ""ResolveFilePathTask"""
"Message",Low,"Exécution de la tâche ""ResolveFilePathTask"" terminée."
"Message",Low,"Tâche ""IlcErrorTask"" ignorée en raison d'une fausse condition ; ('@(UnresolvedCoreAssemblyErrorParameters)'!='') a été évaluée comme (''!='')."
"Message",Low,"Tâche ""RemoveDuplicates"""
"Message",Low,"Exécution de la tâche ""RemoveDuplicates"" terminée."
"Message",Low,"Tâche ""AddToNativePackageTask"" ignorée en raison d'une fausse condition ; ('@(NeedsClrCompression)' != '' and '$(BuildSharedAssemblies)' != 'true') a été évaluée comme ('' != '' and 'false' != 'true')."
"Message",Low,"Tâche ""MakeDir"""
"Message",Normal,"Création du répertoire ""D:\Projets\StrasInfo\StrasInfo\StrasInfo\obj\ARM\Release\ilc\intermediate\SgGenerated""."
"Message",Low,"Exécution de la tâche ""MakeDir"" terminée."
"Message",Low,"Utilisation de la tâche ""WriteLinesToFile"" à partir de l'assembly ""Microsoft.Build.Tasks.v4.0, Version=4.0.0.0, Culture=neutral, PublicKeyToken=b03f5f7f11d50a3a""."
"Message",Low,"Tâche ""WriteLinesToFile"""
"Message",Low,"Exécution de la tâche ""WriteLinesToFile"" terminée."
"Message",Low,"Tâche ""MakeDir"""
"Message",Normal,"Création du répertoire ""D:\Projets\StrasInfo\StrasInfo\StrasInfo\obj\ARM\Release\ilc\intermediate\ResW\""."
"Message",Low,"Exécution de la tâche ""MakeDir"" terminée."
"Message",Low,"Tâche ""IlcWarningTask"" ignorée en raison d'une fausse condition ; ('$(BuildSharedAssemblies)' != 'true' and '@(ReducerInputFiles)' == '') a été évaluée comme ('false' != 'true' and 'D:\Projets\StrasInfo\StrasInfo\StrasInfo\obj\ARM\Release\ilc\in\Properties\Default.rd.xml' == '')."
"Message",Low,"Tâche ""ILTransformTask"""
"Message",Normal,"Exécution de la transformation 'Analysis', tas à 7 Mo."
"Message",Low,"Chargement de 102 modules..."
"Message",Normal,"Directives de réflexion importées à partir de 19 fichiers :"
"Message",Normal,"D:\Projets\StrasInfo\StrasInfo\StrasInfo\obj\ARM\Release\ilc\in\Properties\Default.rd.xml"
"Message",Normal,"Manifeste incorporé dans System.Diagnostics.Tracing : Resources.System.Diagnostics.Tracing.rd.xml"
"Message",Normal,"Manifeste incorporé dans System.Private.CoreLib : Resources.System.Private.CoreLib.rd.xml"
"Message",Normal,"Manifeste incorporé dans System.Private.Uri : Resources.System.Private.Uri.rd.xml"
"Message",Normal,"Manifeste incorporé dans System.Private.Reflection : Resources.System.Private.Reflection.rd.xml"
"Message",Normal,"Manifeste incorporé dans System.Private.Reflection.Core : Resources.System.Private.Reflection.Core.rd.xml"
"Message",Normal,"Manifeste incorporé dans System.Private.Interop : Resources.System.Private.Interop.rd.xml"
"Message",Normal,"Manifeste incorporé dans System.Xml.ReaderWriter : System.Xml.Resources.System.Xml.ReaderWriter.rd.xml"
"Message",Normal,"Manifeste incorporé dans System.Xml.XmlSerializer : System.Xml.XmlSerializer.Resources.System.Xml.XmlSerializer.rd.xml"
"Message",Normal,"Manifeste incorporé dans System.Linq.Expressions : Resources.System.Linq.Expressions.rd.xml"
"Message",Normal,"Manifeste incorporé dans System.Private.ServiceModel : System.ServiceModel.System.Private.ServiceModel.rd.xml"
"Message",Normal,"Manifeste incorporé dans System.Private.PortableThunks : Resources.System.Private.PortableThunks.rd.xml"
"Message",Normal,"Manifeste incorporé dans System.Private.DataContractSerialization : System.Private.DataContractSerialization.Resources.System.Private.DataContractSerialization.rd.xml"
"Message",Normal,"Manifeste incorporé dans System.Runtime.Serialization.Primitives : System.Runtime.Serialization.Primitives.Resources.System.Runtime.Serialization.Primitives.rd.xml"
"Message",Normal,"Manifeste incorporé dans System.Dynamic.Runtime : Resources.System.Dynamic.Runtime.rd.xml"
"Message",Normal,"Manifeste incorporé dans System.Xml.XDocument : System.Xml.Resources.System.Xml.XDocument.rd.xml"
"Message",Normal,"Manifeste incorporé dans Microsoft.CSharp : Microsoft.CSharp.Resources.Microsoft.CSharp.rd.xml"
"Message",Normal,"Microsoft.Practices.ServiceLocation"
"Message",Normal,"Newtonsoft.Json"
"Message",Normal,"Racines XAML importées à partir de 1 fichiers :"
"Message",Normal,"D:\Projets\StrasInfo\StrasInfo\StrasInfo\obj\ARM\Release\ilc\in\StrasInfo.xr.xml"
"Message",Normal,"Exécution de la transformation 'Mcg', tas à 233 Mo."
"Message",High,"Calcul de la fermeture de l'application et génération du code interop"
"Message",Normal,"  Liste des fichiers .lib :"
"Message",Normal,"      WindowsApp.lib"
"Message",Normal,"  Liste des chemins de recherche de fichiers .lib :"
"Message",Normal,"      C:\Program Files (x86)\Windows Kits\10\lib\10.0.10240.0\um\arm"
"Message",Normal,"  Chargement des exportations à partir des bibliothèques..."
"Message",Normal,"      2356 exportations lues à partir de 'C:\Program Files (x86)\Windows Kits\10\lib\10.0.10240.0\um\arm\WindowsApp.lib'."
"Message",Normal,"  Chargement de 102 modules..."
"Message",Normal,"  Génération du code..."
"Message",Normal,"      Résolution de P/invokes..."
"Message",Normal,"          Impossible de résoudre P/Invoke 'RhWaitForPendingFinalizers'. Toutefois, ExactSpelling a été spécifié. Retour à la valeur par défaut [MRT]!RhWaitForPendingFinalizers"
"Message",Normal,"          Impossible de résoudre P/Invoke 'RhCompatibleReentrantWaitAny'. Toutefois, ExactSpelling a été spécifié. Retour à la valeur par défaut [MRT]!RhCompatibleReentrantWaitAny"
"Message",Normal,"          Impossible de résoudre P/Invoke '_ecvt_s'. Toutefois, ExactSpelling a été spécifié. Retour à la valeur par défaut [MRT]!_ecvt_s"
"Message",Normal,"          Impossible de résoudre P/Invoke 'memmove'. Toutefois, ExactSpelling a été spécifié. Retour à la valeur par défaut [MRT]!memmove"
"Message",Normal,"          P/Invoke 'GetLastError' résolu en api-ms-win-core-errorhandling-l1-1-1.dll!GetLastError"
"Message",Normal,"          P/Invoke 'SetLastError' résolu en api-ms-win-core-errorhandling-l1-1-1.dll!SetLastError"
"Message",Normal,"          P/Invoke 'GetLastError' résolu en api-ms-win-core-errorhandling-l1-1-1.dll!GetLastError"
"Message",Normal,"          P/Invoke 'NormalizeString' résolu en api-ms-win-core-normalization-l1-1-0.dll!NormalizeString"
"Message",Normal,"          P/Invoke 'RoInitialize' résolu en api-ms-win-core-winrt-l1-1-0.dll!RoInitialize"
"Message",Normal,"          P/Invoke 'IsValidLocaleName' résolu en api-ms-win-core-localization-l1-2-1.dll!IsValidLocaleName"
"Message",Normal,"          P/Invoke 'ResolveLocaleName' résolu en api-ms-win-core-localization-l1-2-1.dll!ResolveLocaleName"
"Message",Normal,"          P/Invoke 'FormatMessage' résolu en api-ms-win-core-localization-l1-2-1.dll!FormatMessageA"
"Message",Normal,"          P/Invoke 'GetCPInfoExW' résolu en api-ms-win-core-localization-l1-2-1.dll!GetCPInfoExW"
"Message",Normal,"          P/Invoke 'IdnToAscii' résolu en api-ms-win-core-localization-l1-2-1.dll!IdnToAscii"
"Message",Normal,"          P/Invoke 'IdnToUnicode' résolu en api-ms-win-core-localization-l1-2-1.dll!IdnToUnicode"
"Message",Normal,"          P/Invoke 'FindNLSStringEx' résolu en api-ms-win-core-localization-l1-2-1.dll!FindNLSStringEx"
"Message",Normal,"          P/Invoke 'FormatMessageW' résolu en api-ms-win-core-localization-l1-2-1.dll!FormatMessageW"
"Message",Normal,"          P/Invoke 'FormatMessageW' résolu en api-ms-win-core-localization-l1-2-1.dll!FormatMessageW"
"Message",Normal,"          P/Invoke 'GetCommandLineW' résolu en api-ms-win-core-processenvironment-l1-2-0.dll!GetCommandLineW"
"Message",Normal,"          P/Invoke 'EventSetInformation' résolu en api-ms-win-eventing-provider-l1-1-0.dll!EventSetInformation"
"Message",Normal,"          P/Invoke 'EventWriteTransfer' résolu en api-ms-win-eventing-provider-l1-1-0.dll!EventWriteTransfer"
"Message",Normal,"          P/Invoke 'EventRegister' résolu en api-ms-win-eventing-provider-l1-1-0.dll!EventRegister"
"Message",Normal,"          P/Invoke 'EventUnregister' résolu en api-ms-win-eventing-provider-l1-1-0.dll!EventUnregister"
"Message",Normal,"          P/Invoke 'RaiseFailFastException' résolu en api-ms-win-core-errorhandling-l1-1-3.dll!RaiseFailFastException"
"Message",Normal,"          P/Invoke 'CompareStringEx' résolu en api-ms-win-core-string-l1-1-0.dll!CompareStringEx"
"Message",Normal,"          P/Invoke 'CompareStringOrdinal' résolu en api-ms-win-core-string-l1-1-0.dll!CompareStringOrdinal"
"Message",Normal,"          P/Invoke 'GetCurrentProcessId' résolu en api-ms-win-core-processthreads-l1-1-2.dll!GetCurrentProcessId"
"Message",Normal,"          P/Invoke 'GetCurrentThreadId' résolu en api-ms-win-core-processthreads-l1-1-2.dll!GetCurrentThreadId"
"Message",Normal,"          Impossible de résoudre P/Invoke 'CallingConventionConverter_GetStubs'. Toutefois, ExactSpelling a été spécifié. Retour à la valeur par défaut *!CallingConventionConverter_GetStubs"
"Message",Normal,"          Impossible de résoudre P/Invoke 'CallingConventionConverter_SpecifyCommonStubData'. Toutefois, ExactSpelling a été spécifié. Retour à la valeur par défaut *!CallingConventionConverter_SpecifyCommonStubData"
"Message",Normal,"          Impossible de résoudre P/Invoke 'ConstrainedCallSupport_GetStubs'. Toutefois, ExactSpelling a été spécifié. Retour à la valeur par défaut *!ConstrainedCallSupport_GetStubs"
"Message",Normal,"          P/Invoke 'GetNativeSystemInfo' résolu en api-ms-win-core-sysinfo-l1-2-1.dll!GetNativeSystemInfo"
"Message",Normal,"          P/Invoke 'VirtualQuery' résolu en api-ms-win-core-memory-l1-1-2.dll!VirtualQuery"
"Message",Normal,"          P/Invoke 'FindStringOrdinal' résolu en api-ms-win-core-libraryloader-l1-2-0.dll!FindStringOrdinal"
"Message",Normal,"          Impossible de résoudre P/Invoke 'CoCreateInstance'. Toutefois, ExactSpelling a été spécifié. Retour à la valeur par défaut api-ms-win-core-com-l1-1-0.dll!CoCreateInstance"
"Message",Normal,"          P/Invoke 'QueryUnbiasedInterruptTime' résolu en api-ms-win-core-realtime-l1-1-0.dll!QueryUnbiasedInterruptTime"
"Message",Normal,"          P/Invoke 'SysFreeString' résolu en oleaut32.dll!#6"
"Message",Normal,"          P/Invoke 'RoGetBufferMarshaler' résolu en api-ms-win-core-winrt-robuffer-l1-1-0.dll!RoGetBufferMarshaler"
"Message",Normal,"          P/Invoke 'GetLongPathNameW' résolu en api-ms-win-core-file-l1-2-1.dll!GetLongPathNameW"
"Message",Normal,"          P/Invoke 'GetLongPathNameW' résolu en api-ms-win-core-file-l1-2-1.dll!GetLongPathNameW"
"Message",Normal,"          P/Invoke 'GetFullPathNameW' résolu en api-ms-win-core-file-l1-2-1.dll!GetFullPathNameW"
"Message",Normal,"          P/Invoke 'GetFullPathNameW' résolu en api-ms-win-core-file-l1-2-1.dll!GetFullPathNameW"
"Message",Normal,"          P/Invoke 'RtlIpv6AddressToStringExW' résolu en ntdll.dll!RtlIpv6AddressToStringExW"
"Message",Normal,"          P/Invoke 'RtlIpv4AddressToStringExW' résolu en ntdll.dll!RtlIpv4AddressToStringExW"
"Message",Normal,"          P/Invoke 'RtlIpv6StringToAddressExW' résolu en ntdll.dll!RtlIpv6StringToAddressExW"
"Message",Normal,"          P/Invoke 'RtlIpv4StringToAddressExW' résolu en ntdll.dll!RtlIpv4StringToAddressExW"
"Message",Normal,"          P/Invoke 'deflateInit2_' résolu en clrcompression.dll!deflateInit2_"
"Message",Normal,"          P/Invoke 'deflateEnd' résolu en clrcompression.dll!deflateEnd"
"Message",Normal,"          P/Invoke 'inflateEnd' résolu en clrcompression.dll!inflateEnd"
"Message",Normal,"          P/Invoke 'deflate' résolu en clrcompression.dll!deflate"
"Message",Normal,"  Code interop généré."
"Message",Normal,"  Code écrit dans AssemblyInfo.g.cs"
"Message",Normal,"  Code écrit dans Adapters.g.cs"
"Message",Normal,"  Code écrit dans Data.g.cs"
"Message",Normal,"  Code écrit dans Helpers.g.cs"
"Message",Normal,"  Code écrit dans ImplTypes.g.cs"
"Message",Normal,"  Code écrit dans PInvoke.g.cs"
"Message",Normal,"  Code écrit dans SafeTypes.g.cs"
"Message",Normal,"  Code écrit dans SharedStubs.g.cs"
"Message",Normal,"  Code écrit dans StrasInfo.ITFProxy.g.cs"
"Message",Normal,"Exécution de la transformation 'CompileMcgSourceAndSerializationAssemblyGenerator', tas à 333 Mo."
"Message",High,"Génération du code de sérialisation"
"Message",High,"Compilation du code interop"
"Message",Low,"Compilation de la sortie MCG avec des arguments :  /debug:""pdbonly"" /nowarn:""0436;0618;1668;1685;1701;1702"" /debug+ /nostdlib+ /optimize+ /out:""D:\Projets\StrasInfo\StrasInfo\StrasInfo\obj\ARM\Release\ilc\intermediate\StrasInfo.Interop.dll"" /pdb:""D:\Projets\StrasInfo\StrasInfo\StrasInfo\obj\ARM\Release\ilc\intermediate\StrasInfo.Interop.pdb"" /platform:""arm"" /warnaserror+ /unsafe /noconfig /nologo /target:library /define:""WIN32"" /define:""ARM"" /define:""MCG_PRE_BUILD"" /r:""C:\Program Files (x86)\MSBuild\Microsoft\.NetNative\ARM\ilc\lib\Private\System.Private.Corelib.dll"" /r:""C:\Program Files (x86)\MSBuild\Microsoft\.NetNative\ARM\ilc\lib\Private\System.Private.Corelib.InteropServices.dll"" /r:""C:\Program Files (x86)\MSBuild\Microsoft\.NetNative\ARM\ilc\lib\Private\System.Private.Interop.dll"" /r:""D:\Projets\StrasInfo\StrasInfo\StrasInfo\obj\ARM\Release\ilc\in\System.Private.Uri.dll"" /r:""C:\Program Files (x86)\MSBuild\Microsoft\.NetNative\ARM\ilc\lib\Private\System.Private.CompilerServices.ICastable.dll"" /r:""C:\Program Files (x86)\MSBuild\Microsoft\.NetNative\ARM\ilc\lib\Private\System.Private.Reflection.dll"" /r:""C:\Program Files (x86)\MSBuild\Microsoft\.NetNative\ARM\ilc\lib\Private\System.Private.DispatchProxy.dll"" /r:""D:\Projets\StrasInfo\StrasInfo\StrasInfo\obj\ARM\Release\ilc\in\System.Reflection.DispatchProxy.dll"" /r:""D:\Projets\StrasInfo\StrasInfo\StrasInfo\obj\ARM\Release\ilc\in\System.Reflection.dll"" /r:""D:\Projets\StrasInfo\StrasInfo\StrasInfo\obj\ARM\Release\ilc\in\System.Runtime.dll"" /r:""D:\Projets\StrasInfo\StrasInfo\StrasInfo\obj\ARM\Release\ilc\in\System.Runtime.InteropServices.dll"" /r:""D:\Projets\StrasInfo\StrasInfo\StrasInfo\obj\ARM\Release\ilc\in\System.Runtime.InteropServices.WindowsRuntime.dll"" /r:""D:\Projets\StrasInfo\StrasInfo\StrasInfo\obj\ARM\Release\ilc\in\System.Numerics.Vectors.dll"" /r:""D:\Projets\StrasInfo\StrasInfo\StrasInfo\obj\ARM\Release\ilc\in\System.Threading.dll"" /r:""D:\Projets\StrasInfo\StrasInfo\StrasInfo\obj\ARM\Release\ilc\in\System.Diagnostics.Debug.dll"" /r:""D:\Projets\StrasInfo\StrasInfo\StrasInfo\obj\ARM\Release\ilc\in\System.Runtime.Handles.dll"" /r:""D:\Projets\StrasInfo\StrasInfo\StrasInfo\obj\ARM\Release\ilc\in\System.Dynamic.Runtime.dll"" /r:""C:\Program Files (x86)\MSBuild\Microsoft\.NetNative\ARM\ilc\lib\Private\System.Private.CoreLib.Augments.dll"" /r:""D:\Projets\StrasInfo\StrasInfo\StrasInfo\obj\ARM\Release\ilc\in\System.Runtime.Extensions.dll"" /r:""D:\Projets\StrasInfo\StrasInfo\StrasInfo\obj\ARM\Release\ilc\in\System.Collections.dll"" /r:""D:\Projets\StrasInfo\StrasInfo\StrasInfo\obj\ARM\Release\ilc\in\System.ObjectModel.dll"" /r:""D:\Projets\StrasInfo\StrasInfo\StrasInfo\obj\ARM\Release\ilc\in\System.Runtime.WindowsRuntime.dll"" /r:""D:\Projets\StrasInfo\StrasInfo\StrasInfo\obj\ARM\Release\ilc\in\System.Runtime.WindowsRuntime.UI.Xaml.dll"" ""D:\Projets\StrasInfo\StrasInfo\StrasInfo\obj\ARM\Release\ilc\intermediate\StrasInfo.ITFProxy.g.cs"" ""D:\Projets\StrasInfo\StrasInfo\StrasInfo\obj\ARM\Release\ilc\intermediate\StrasInfo.Interop\Adapters.g.cs"" ""D:\Projets\StrasInfo\StrasInfo\StrasInfo\obj\ARM\Release\ilc\intermediate\StrasInfo.Interop\AssemblyInfo.g.cs"" ""D:\Projets\StrasInfo\StrasInfo\StrasInfo\obj\ARM\Release\ilc\intermediate\StrasInfo.Interop\Data.g.cs"" ""D:\Projets\StrasInfo\StrasInfo\StrasInfo\obj\ARM\Release\ilc\intermediate\StrasInfo.Interop\Helpers.g.cs"" ""D:\Projets\StrasInfo\StrasInfo\StrasInfo\obj\ARM\Release\ilc\intermediate\StrasInfo.Interop\ImplTypes.g.cs"" ""D:\Projets\StrasInfo\StrasInfo\StrasInfo\obj\ARM\Release\ilc\intermediate\StrasInfo.Interop\PInvoke.g.cs"" ""D:\Projets\StrasInfo\StrasInfo\StrasInfo\obj\ARM\Release\ilc\intermediate\StrasInfo.Interop\SafeTypes.g.cs"" ""D:\Projets\StrasInfo\StrasInfo\StrasInfo\obj\ARM\Release\ilc\intermediate\StrasInfo.Interop\SharedStubs.g.cs"""
"Message",Normal,"L'assembly 'CsvHelper.dll' se trouve dans plusieurs dossiers."
"Message",Normal,"file:///D:/Projets/StrasInfo/StrasInfo/StrasInfo/obj/ARM/Release/ilc/intermediate/PreMergeILTransformed/CsvHelper.dll"
"Message",Normal,"D:\Projets\StrasInfo\StrasInfo\StrasInfo\obj\ARM\Release\ilc\in\CsvHelper.dll"
"Message",Normal,"L'assembly 'Microsoft.Practices.ServiceLocation.dll' se trouve dans plusieurs dossiers."
"Message",Normal,"file:///D:/Projets/StrasInfo/StrasInfo/StrasInfo/obj/ARM/Release/ilc/intermediate/PreMergeILTransformed/Microsoft.Practices.ServiceLocation.dll"
"Message",Normal,"D:\Projets\StrasInfo\StrasInfo\StrasInfo\obj\ARM\Release\ilc\in\Microsoft.Practices.ServiceLocation.dll"
"Message",Normal,"L'assembly 'MoreLinq.Portable.dll' se trouve dans plusieurs dossiers."
"Message",Normal,"file:///D:/Projets/StrasInfo/StrasInfo/StrasInfo/obj/ARM/Release/ilc/intermediate/PreMergeILTransformed/MoreLinq.Portable.dll"
"Message",Normal,"D:\Projets\StrasInfo\StrasInfo\StrasInfo\obj\ARM\Release\ilc\in\MoreLinq.Portable.dll"
"Message",Normal,"L'assembly 'Newtonsoft.Json.dll' se trouve dans plusieurs dossiers."
"Message",Normal,"file:///D:/Projets/StrasInfo/StrasInfo/StrasInfo/obj/ARM/Release/ilc/intermediate/PreMergeILTransformed/Newtonsoft.Json.dll"
"Message",Normal,"D:\Projets\StrasInfo\StrasInfo\StrasInfo\obj\ARM\Release\ilc\in\Newtonsoft.Json.dll"
"Message",Normal,"Le type 'System.Net.Security.ProtectionLevel' se trouve dans plusieurs assemblys."
"Message",Normal,"file:///D:/Projets/StrasInfo/StrasInfo/StrasInfo/obj/ARM/Release/ilc/in/System.Private.Networking.dll"
"Message",Normal,"file:///D:/Projets/StrasInfo/StrasInfo/StrasInfo/obj/ARM/Release/ilc/in/System.Private.ServiceModel.dll"
"Message",Normal,"L'assembly 'StrasInfo.exe' se trouve dans plusieurs dossiers."
"Message",Normal,"file:///D:/Projets/StrasInfo/StrasInfo/StrasInfo/obj/ARM/Release/ilc/intermediate/PreMergeILTransformed/StrasInfo.exe"
"Message",Normal,"D:\Projets\StrasInfo\StrasInfo\StrasInfo\obj\ARM\Release\ilc\in\StrasInfo.exe"
"Message",Normal,"Le type 'System.DBNull' se trouve dans plusieurs assemblys."
"Message",Normal,"file:///D:/Projets/StrasInfo/StrasInfo/StrasInfo/obj/ARM/Release/ilc/in/System.Data.Common.dll"
"Message",Normal,"file:///C:/Program Files (x86)/MSBuild/Microsoft/.NetNative/ARM/ilc/lib/Private/System.Private.Reflection.Core.dll"
"Message",Normal,"Exécution de la transformation 'DumpNativeResources', tas à 333 Mo."
"Message",Normal,"Exécution de la transformation 'ReducedCopyInitialize', tas à 333 Mo."
"Message",Normal,"Exécution de la transformation 'ReducedCopyEmptyTypes', tas à 365 Mo."
"Message",Normal,"Exécution de la transformation 'ReducedCopyPopulateTypes', tas à 260 Mo."
"Message",Normal,"Exécution de la transformation 'ReducedCopyLateMetadata', tas à 321 Mo."
"Message",Normal,"Exécution de la transformation 'ReducedCopyMethodBodies', tas à 365 Mo."
"Message",Normal,"Exécution de la transformation 'ReducedCopyComplete', tas à 405 Mo."
"Message",Normal,"Exécution de la transformation 'ReducedCopyCleanup', tas à 427 Mo."
"Message",Normal,"Exécution de la transformation 'DeveloperExperienceModeOnlyCodeRemover', tas à 427 Mo."
"Message",Normal,"Exécution de la transformation 'ComImportDetector', tas à 427 Mo."
"Message",Normal,"Exécution de la transformation 'McgAccessor', tas à 427 Mo."
"Message",Normal,"Exécution de la transformation 'McgRedirect', tas à 431 Mo."
"Message",Normal,"Exécution de la transformation 'McgRedirect', tas à 436 Mo."
"Message",Normal,"Exécution de la transformation 'McgTypeOf', tas à 438 Mo."
"Message",Normal,"Exécution de la transformation 'ExceptionMiniaturizer', tas à 412 Mo."
"Message",Normal,"Exécution de la transformation 'EventSource', tas à 428 Mo."
"Message",Normal,"Exécution de la transformation 'ValueType', tas à 429 Mo."
"Message",Normal,"Exécution de la transformation 'Attribute', tas à 433 Mo."
"Message",Normal,"Exécution de la transformation 'GetType', tas à 435 Mo."
"Message",Normal,"Exécution de la transformation 'McgFixups', tas à 437 Mo."
"Message",Normal,"Exécution de la transformation 'ResourceManagerCtor', tas à 440 Mo."
"Message",Normal,"Exécution de la transformation 'TypeofTypeHandle', tas à 440 Mo."
"Message",Normal,"Exécution de la transformation 'DispatchProxyIntrinsics', tas à 451 Mo."
"Message",Normal,"Exécution de la transformation 'StaticInitData', tas à 452 Mo."
"Message",Normal,"Exécution de la transformation 'StartupCodeInjector', tas à 478 Mo."
"Message",Normal,"Exécution de la transformation 'InjectAppContextSwitches', tas à 478 Mo."
"Message",Normal,"Exécution de la transformation 'ImplementLibraryDynamicInvokeHelpers', tas à 478 Mo."
"Message",Normal,"Exécution de la transformation 'Delegate', tas à 478 Mo."
"Message",Normal,"Exécution de la transformation 'DelegateCtorCall', tas à 499 Mo."
"Message",Normal,"Exécution de la transformation 'LazyGenerics', tas à 503 Mo."
"Message",Normal,"Exécution de la transformation 'AddReflectionBlockedAttributes', tas à 431 Mo."
"Message",Normal,"Exécution de la transformation 'DisableOptimization', tas à 431 Mo."
"Message",Normal,"Exécution de la transformation 'CreateMetadata', tas à 431 Mo."
"Message",Normal,"Exécution de la transformation 'SynchronizedMethod', tas à 429 Mo."
"Message",Normal,"Exécution de la transformation 'ReflectionInvoke', tas à 429 Mo."
"Message",Normal,"Exécution de la transformation 'ScrubOpenCalls', tas à 433 Mo."
"Message",Normal,"Exécution de la transformation 'Calli', tas à 433 Mo."
"Message",Normal,"Exécution de la transformation 'ConvertCatchIntoFilter', tas à 448 Mo."
"Message",Normal,"Exécution de la transformation 'ReflectionMappingInfoEmit', tas à 449 Mo."
"Message",Normal,"Exécution de la transformation 'ConvertManagedWinMD', tas à 453 Mo."
"Message",Normal,"Exécution de la transformation 'Reducer', tas à 453 Mo."
"Message",High,"Nettoyage du code non référencé"
"Message",Normal,"Exécution de la transformation 'WriteAssemblies', tas à 543 Mo."
"Message",Normal,""
"Message",Normal,"Résumé de la transformation"
"Message",Normal,"   ms | delta du tas | nom"
"Message",Normal," 18975 |        226 | Analysis"
"Message",Normal,"  5386 |          0 | CompileMcgSourceAndSerializationAssemblyGenerator"
"Message",Normal,"  4728 |         90 | Reducer"
"Message",Normal,"  4193 |        125 | WriteAssemblies"
"Message",Normal,"  1638 |        100 | Mcg"
"Message",Normal,"  1158 |         -2 | CreateMetadata"
"Message",Normal,"  1111 |         61 | ReducedCopyPopulateTypes"
"Message",Normal,"   791 |        -26 | McgTypeOf"
"Message",Normal,"   768 |        -72 | LazyGenerics"
"Message",Normal,"   749 |         40 | ReducedCopyMethodBodies"
"Message",Normal,"   677 |       -105 | ReducedCopyEmptyTypes"
"Message",Normal,"   356 |         22 | ReducedCopyComplete"
"Message",Normal,"   343 |         16 | ExceptionMiniaturizer"
"Message",Normal,"   341 |         44 | ReducedCopyLateMetadata"
"Message",Normal,"   283 |          5 | McgRedirect"
"Message",Normal,"   263 |         32 | ReducedCopyInitialize"
"Message",Normal,"   211 |          2 | McgRedirect"
"Message",Normal,"   206 |         11 | TypeofTypeHandle"
"Message",Normal,"   199 |         26 | StaticInitData"
"Message",Normal,"   168 |         15 | Calli"
"Message",Normal,"   114 |          4 | DelegateCtorCall"
"Message",Normal,"    83 |         21 | Delegate"
"Message",Normal,"    53 |          3 | McgFixups"
"Message",Normal,"    48 |          0 | SynchronizedMethod"
"Message",Normal,"    46 |          1 | EventSource"
"Message",Normal,"    45 |          2 | GetType"
"Message",Normal,"    32 |          0 | ScrubOpenCalls"
"Message",Normal,"    28 |          1 | DispatchProxyIntrinsics"
"Message",Normal,"    27 |          4 | McgAccessor"
"Message",Normal,"    17 |          4 | ReflectionInvoke"
"Message",Normal,"    17 |          4 | ValueType"
"Message",Normal,"    15 |          1 | ConvertCatchIntoFilter"
"Message",Normal,"    10 |          0 | DumpNativeResources"
"Message",Normal,"    10 |          0 | StartupCodeInjector"
"Message",Normal,"     9 |          4 | ReflectionMappingInfoEmit"
"Message",Normal,"     7 |          2 | Attribute"
"Message",Normal,"     4 |          0 | DeveloperExperienceModeOnlyCodeRemover"
"Message",Normal,"     2 |          0 | AddReflectionBlockedAttributes"
"Message",Normal,"     1 |          0 | ResourceManagerCtor"
"Message",Normal,"     0 |          0 | ConvertManagedWinMD"
"Message",Normal,"     0 |          0 | ReducedCopyCleanup"
"Message",Normal,"     0 |          0 | DisableOptimization"
"Message",Normal,"     0 |          0 | ComImportDetector"
"Message",Normal,"     0 |          0 | ImplementLibraryDynamicInvokeHelpers"
"Message",Normal,"     0 |          0 | InjectAppContextSwitches"
"Message",Low,"Exécution de la tâche ""ILTransformTask"" terminée."
"Message",Low,"Tâche ""WriteLinesToFile"" ignorée en raison d'une fausse condition ; ('$(BuildSharedAssemblies)' == 'true') a été évaluée comme ('false' == 'true')."
"Message",Low,"Génération de la cible ""RunILTransforms"" terminée dans le projet ""Unnamed_1""."
"Message",Low,"Cible ""CheckSharedAssemblyClosure"" ignorée en raison d'une fausse condition ; ('$(BuildSharedAssemblies)' == 'true') a été évaluée comme ('false' == 'true')."
"Message",Low,"Cible ""MergePgoCounts"" ignorée en raison d'une fausse condition ; ('$(Pgu)'=='true' and '$(MultiPhasePgd)'!='true') a été évaluée comme ('false'=='true' and 'false'!='true')."
"Message",Low,"Cible ""GenerateMDILResponseFileSingleFile"" dans le fichier ""C:\Program Files (x86)\MSBuild\Microsoft\.NetNative\ARM\ilc\IlcInternals.targets"" du projet ""D:\Projets\StrasInfo\StrasInfo\StrasInfo\Unnamed_1"" (la cible ""GenerateMDILSingleFile"" en dépend) :"
"Message",Low,"Génération complète de la cible ""GenerateMDILResponseFileSingleFile""."
"Message",Low,"Le fichier de sortie ""D:\Projets\StrasInfo\StrasInfo\StrasInfo\obj\ARM\Release\ilc\intermediate\nutcargs.rsp"" n'existe pas."
"Message",Low,"Tâche ""IlcMessageTask"""
"Message",High,"Génération du code natif"
"Message",Low,"Exécution de la tâche ""IlcMessageTask"" terminée."
"Message",Low,"Tâche ""MakeDir"""
"Message",Normal,"Création du répertoire ""D:\Projets\StrasInfo\StrasInfo\StrasInfo\obj\ARM\Release\ilc\intermediate\MDIL\""."
"Message",Low,"Exécution de la tâche ""MakeDir"" terminée."
"Message",Low,"Tâche ""WriteLinesToFile"""
"Message",Low,"Exécution de la tâche ""WriteLinesToFile"" terminée."
"Message",Low,"Génération de la cible ""GenerateMDILResponseFileSingleFile"" terminée dans le projet ""Unnamed_1""."
"Message",Low,"Cible ""GenerateMDILSingleFile"" dans le fichier ""C:\Program Files (x86)\MSBuild\Microsoft\.NetNative\ARM\ilc\IlcInternals.targets"" du projet ""D:\Projets\StrasInfo\StrasInfo\StrasInfo\Unnamed_1"" (la cible ""GenerateMDIL"" en dépend) :"
"Message",Low,"Génération complète de la cible ""GenerateMDILSingleFile""."
"Message",Low,"Le fichier de sortie ""D:\Projets\StrasInfo\StrasInfo\StrasInfo\obj\ARM\Release\ilc\intermediate\MDIL\StrasInfo.mdilexe"" n'existe pas."
"Message",Low,"Utilisation de la tâche ""StartProcessTask"" à partir de l'assembly ""Microsoft.Build.ILTasks""."
"Message",Low,"Tâche ""StartProcessTask"""
"Message",Normal,"Lancement de 'C:\Program Files (x86)\MSBuild\Microsoft\.NetNative\ARM\ilc\Tools\nutc_driver.exe @""D:\Projets\StrasInfo\StrasInfo\StrasInfo\obj\ARM\Release\ilc\intermediate\nutcargs.rsp""'"
"Message",Low,"Microsoft (R) MDIL Compiler - Version 1.0.23309.00"
"Message",Low,"Copyright (c) Microsoft Corporation.  All rights reserved."
"Message",Low,"Analyse des types d'entr├®e"
"Message",Low,"Analyse de 14137 m├®thodes."
"Message",Low,"Analyse de 7405 m├®thodes."
"Message",Low,"Analyse de 5539 m├®thodes."
"Message",Low,"Analyse de 4496 m├®thodes."
"Message",Low,"Analyse de 6702 m├®thodes."
"Message",Low,"Analyse de 5219 m├®thodes."
"Message",Low,"Analyse de 4138 m├®thodes."
"Message",Low,"Analyse de 3185 m├®thodes."
"Message",Low,"Analyse de 2905 m├®thodes."
"Message",Low,"Analyse de 2505 m├®thodes."
"Message",Low,"Analyse de 1552 m├®thodes."
"Message",Low,"Analyse de 962 m├®thodes."
"Message",Low,"Analyse de 661 m├®thodes."
"Message",Low,"Analyse de 492 m├®thodes."
"Message",Low,"Analyse de 375 m├®thodes."
"Message",Low,"Analyse de 342 m├®thodes."
"Message",Low,"Analyse de 227 m├®thodes."
"Message",Low,"Analyse de 89 m├®thodes."
"Message",Low,"Analyse de 45 m├®thodes."
"Message",Low,"Analyse de 20 m├®thodes."
"Message",Low,"Analyse de 12 m├®thodes."
"Message",Low,"Analyse de 15 m├®thodes."
"Message",Low,"Analyse de 10 m├®thodes."
"Message",Low,"Analyse de 2 m├®thodes."
"Message",Low,"G├®n├®ration de code h├ótive"
"Message",Low,"Compilation de 61035 m├®thodes."
"Message",Low,"G├®n├®ration de code diff├®r├®e"
"Message",Low,"G├®n├®ration r├®ussie de 'D:\Projets\StrasInfo\StrasInfo\StrasInfo\obj\ARM\Release\ilc\intermediate\MDIL\StrasInfo.mdilexe'"
"Message",Low,"G├®n├®ration r├®ussie de 'D:\Projets\StrasInfo\StrasInfo\StrasInfo\obj\ARM\Release\ilc\intermediate\MDIL\StrasInfo.mdilpdb'"
"Message",Normal,"'C:\Program Files (x86)\MSBuild\Microsoft\.NetNative\ARM\ilc\Tools\nutc_driver.exe @""D:\Projets\StrasInfo\StrasInfo\StrasInfo\obj\ARM\Release\ilc\intermediate\nutcargs.rsp""' achevé."
"Message",Normal,"Statistiques d'exécution de processus (toutes les durées en millisecondes)"
"Message",Normal,"-----------------------------------------------------------------------------"
"Message",Normal,"lancement | début |   arrêt  |   fin    |  durée   | durée de vie | nom [emplacement]"
"Message",Normal,"-----------------------------------------------------------------------------"
"Message",Normal,"       0 |       47 |    49500 |    49500 |    49453 |    49500 | [0] Nutc SingleFile"
"Message",Normal,"Nombre de commandes :    1"
"Message",Normal,"Temps système total :    49500 ms"
"Message",Normal,"Temps système par commande : 49500 ms"
"Message",Normal,"Durée totale :           49453 ms"
"Message",Normal,"Durée de vie totale :    49500 ms"
"Message",Normal,"DOP demandé :            8"
"Message",Normal,"Durée DOP :              1.0"
"Message",Normal,"Durée de vie DOP :       1.0"
"Message",Low,"Exécution de la tâche ""StartProcessTask"" terminée."
"Message",Low,"Génération de la cible ""GenerateMDILSingleFile"" terminée dans le projet ""Unnamed_1""."
"Message",Low,"Cible ""GenerateMDIL"" dans le fichier ""C:\Program Files (x86)\MSBuild\Microsoft\.NetNative\ARM\ilc\IlcInternals.targets"" du projet ""D:\Projets\StrasInfo\StrasInfo\StrasInfo\Unnamed_1"" (la cible ""MDILBindPrepare"" en dépend) :"
"Message",Normal,"La cible est ignorée ""GenerateMDIL"", car tous les fichiers de sortie sont à jour par rapport aux fichiers d'entrée."
"Message",Low,"Fichiers d'entrée : D:\Projets\StrasInfo\StrasInfo\StrasInfo\obj\ARM\Release\ilc\intermediate\nutcargs.rsp"
"Message",Low,"Fichiers de sortie : D:\Projets\StrasInfo\StrasInfo\StrasInfo\obj\ARM\Release\ilc\intermediate\MDIL\StrasInfo.mdilexe;D:\Projets\StrasInfo\StrasInfo\StrasInfo\obj\ARM\Release\ilc\intermediate\MDIL\StrasInfo.mdilpdb"
"Message",Low,"Génération de la cible ""GenerateMDIL"" terminée dans le projet ""Unnamed_1""."
"Message",Low,"Cible ""GenerateBuildInfo"" dans le fichier ""C:\Program Files (x86)\MSBuild\Microsoft\.NetNative\ARM\ilc\IlcInternals.targets"" du projet ""D:\Projets\StrasInfo\StrasInfo\StrasInfo\Unnamed_1"" (la cible ""MDILBindPrepare"" en dépend) :"
"Message",Low,"Génération complète de la cible ""GenerateBuildInfo""."
"Message",Low,"Le fichier de sortie ""D:\Projets\StrasInfo\StrasInfo\StrasInfo\obj\ARM\Release\ilc\intermediate\Native.res"" n'existe pas."
"Message",Low,"Tâche ""StartProcessTask"""
"Message",Normal,"Lancement de 'C:\Program Files (x86)\Windows Kits\10\bin\x86\rc.exe /c 65001 /r /fo ""D:\Projets\StrasInfo\StrasInfo\StrasInfo\obj\ARM\Release\ilc\intermediate\BuildInfo\BuildInfo.res"" ""D:\Projets\StrasInfo\StrasInfo\StrasInfo\obj\ARM\Release\ilc\intermediate\BuildInfo\BuildInfo.rc""'"
"Message",Low,"Microsoft (R) Windows (R) Resource Compiler Version 10.0.10011.16384"
"Message",Low,"Copyright (C) Microsoft Corporation.  All rights reserved."
"Message",Normal,"'C:\Program Files (x86)\Windows Kits\10\bin\x86\rc.exe /c 65001 /r /fo ""D:\Projets\StrasInfo\StrasInfo\StrasInfo\obj\ARM\Release\ilc\intermediate\BuildInfo\BuildInfo.res"" ""D:\Projets\StrasInfo\StrasInfo\StrasInfo\obj\ARM\Release\ilc\intermediate\BuildInfo\BuildInfo.rc""' achevé."
"Message",Normal,"Statistiques d'exécution de processus (toutes les durées en millisecondes)"
"Message",Normal,"-----------------------------------------------------------------------------"
"Message",Normal,"lancement | début |   arrêt  |   fin    |  durée   | durée de vie | nom [emplacement]"
"Message",Normal,"-----------------------------------------------------------------------------"
"Message",Normal,"       0 |        0 |      515 |      515 |      515 |      515 | [0] RC"
"Message",Normal,"Nombre de commandes :    1"
"Message",Normal,"Temps système total :    515 ms"
"Message",Normal,"Temps système par commande : 515 ms"
"Message",Normal,"Durée totale :           515 ms"
"Message",Normal,"Durée de vie totale :    515 ms"
"Message",Normal,"DOP demandé :            8"
"Message",Normal,"Durée DOP :              1.0"
"Message",Normal,"Durée de vie DOP :       1.0"
"Message",Low,"Exécution de la tâche ""StartProcessTask"" terminée."
"Message",Low,"Utilisation de la tâche ""BinaryConcatenateTask"" à partir de l'assembly ""Microsoft.Build.ILTasks""."
"Message",Low,"Tâche ""BinaryConcatenateTask"""
"Message",Normal,"Concaténation en 'D:\Projets\StrasInfo\StrasInfo\StrasInfo\obj\ARM\Release\ilc\intermediate\Native.res' avec l'alignement '4'."
"Message",Normal," Ajout effectué de 'D:\Projets\StrasInfo\StrasInfo\StrasInfo\obj\ARM\Release\ilc\intermediate\ILTransformed\StrasInfo.res' à l'offset 0."
"Message",Normal," Ajout effectué de 'D:\Projets\StrasInfo\StrasInfo\StrasInfo\obj\ARM\Release\ilc\intermediate\BuildInfo\BuildInfo.res' à l'offset 1384."
"Message",Low,"Exécution de la tâche ""BinaryConcatenateTask"" terminée."
"Message",Low,"Génération de la cible ""GenerateBuildInfo"" terminée dans le projet ""Unnamed_1""."
"Message",Low,"Cible ""MDILBindPrepare"" dans le fichier ""C:\Program Files (x86)\MSBuild\Microsoft\.NetNative\ARM\ilc\IlcInternals.targets"" du projet ""D:\Projets\StrasInfo\StrasInfo\StrasInfo\Unnamed_1"" (la cible ""MDILBindCreateResponseFiles"" en dépend) :"
"Message",Low,"Tâche ""MakeDir"""
"Message",Normal,"Création du répertoire ""D:\Projets\StrasInfo\StrasInfo\StrasInfo\obj\ARM\Release\ilc\intermediate\Native\""."
"Message",Low,"Exécution de la tâche ""MakeDir"" terminée."
"Message",Low,"Tâche ""StartProcessTask"" ignorée en raison d'une fausse condition ; ('$(Pgi)'=='true') a été évaluée comme ('false'=='true')."
"Message",Low,"Génération de la cible ""MDILBindPrepare"" terminée dans le projet ""Unnamed_1""."
"Message",Low,"Cible ""MDILBindCreateResponseFiles"" dans le fichier ""C:\Program Files (x86)\MSBuild\Microsoft\.NetNative\ARM\ilc\IlcInternals.targets"" du projet ""D:\Projets\StrasInfo\StrasInfo\StrasInfo\Unnamed_1"" (la cible ""MDILBind"" en dépend) :"
"Message",Low,"Génération complète de la cible ""MDILBindCreateResponseFiles""."
"Message",Low,"Le fichier de sortie ""D:\Projets\StrasInfo\StrasInfo\StrasInfo\obj\ARM\Release\ilc\intermediate\rhbindargs.StrasInfo.rsp"" n'existe pas."
"Message",Low,"Tâche ""WriteLinesToFile"""
"Message",Low,"Exécution de la tâche ""WriteLinesToFile"" terminée."
"Message",Low,"Génération de la cible ""MDILBindCreateResponseFiles"" terminée dans le projet ""Unnamed_1""."
"Message",Low,"Cible ""MDILBind"" dans le fichier ""C:\Program Files (x86)\MSBuild\Microsoft\.NetNative\ARM\ilc\IlcInternals.targets"" du projet ""D:\Projets\StrasInfo\StrasInfo\StrasInfo\Unnamed_1"" (la cible ""CopyNativeExecutablesToOutput"" en dépend) :"
"Message",Low,"Génération complète de la cible ""MDILBind""."
"Message",Low,"Le fichier de sortie ""D:\Projets\StrasInfo\StrasInfo\StrasInfo\obj\ARM\Release\ilc\intermediate\Native\StrasInfo.exe"" n'existe pas."
"Message",Low,"Tâche ""IlcMessageTask"""
"Message",High,"Génération de corrections pour le code natif"
"Message",Low,"Exécution de la tâche ""IlcMessageTask"" terminée."
"Message",Low,"Tâche ""StartProcessTask"""
"Message",Normal,"Lancement de 'C:\Program Files (x86)\MSBuild\Microsoft\.NetNative\ARM\ilc\Tools\rhbind.exe @""D:\Projets\StrasInfo\StrasInfo\StrasInfo\obj\ARM\Release\ilc\intermediate\rhbindargs.StrasInfo.rsp""'"
"Message",Low,"OS VERSION: major: 6  minor: 2"
"Message",Low,"MDIL: D:\Projets\StrasInfo\StrasInfo\StrasInfo\obj\ARM\Release\ilc\intermediate\MDIL\StrasInfo.mdilexe"
"Message",Low,"MDILPDB: D:\Projets\StrasInfo\StrasInfo\StrasInfo\obj\ARM\Release\ilc\intermediate\MDIL\StrasInfo.mdilpdb"
"Message",Low,"IL: D:\Projets\StrasInfo\StrasInfo\StrasInfo\obj\ARM\Release\ilc\intermediate\MDIL\StrasInfo.ilexe"
"Message",Low,"NI: D:\Projets\StrasInfo\StrasInfo\StrasInfo\obj\ARM\Release\ilc\intermediate\Native\StrasInfo.dll"
"Message",Low,"SHIM: D:\Projets\StrasInfo\StrasInfo\StrasInfo\obj\ARM\Release\ilc\intermediate\Native\StrasInfo.exe"
"Message",Low,"REDHAWK_RUNTIME_DLL_NAME_A=mrt100_app.dll"
"Message",Low,"pdb: D:\Projets\StrasInfo\StrasInfo\StrasInfo\obj\ARM\Release\ilc\intermediate\Native\StrasInfo.pdb"
"Message",Low,"Produced D:\Projets\StrasInfo\StrasInfo\StrasInfo\obj\ARM\Release\ilc\intermediate\Native\StrasInfo.dll in 4.443 seconds"
"Message",Normal,"'C:\Program Files (x86)\MSBuild\Microsoft\.NetNative\ARM\ilc\Tools\rhbind.exe @""D:\Projets\StrasInfo\StrasInfo\StrasInfo\obj\ARM\Release\ilc\intermediate\rhbindargs.StrasInfo.rsp""' achevé."
"Message",Normal,"Statistiques d'exécution de processus (toutes les durées en millisecondes)"
"Message",Normal,"-----------------------------------------------------------------------------"
"Message",Normal,"lancement | début |   arrêt  |   fin    |  durée   | durée de vie | nom [emplacement]"
"Message",Normal,"-----------------------------------------------------------------------------"
"Message",Normal,"       0 |        0 |     4500 |     4500 |     4500 |     4500 | [0] rhbind StrasInfo"
"Message",Normal,"Nombre de commandes :    1"
"Message",Normal,"Temps système total :    4500 ms"
"Message",Normal,"Temps système par commande : 4500 ms"
"Message",Normal,"Durée totale :           4500 ms"
"Message",Normal,"Durée de vie totale :    4500 ms"
"Message",Normal,"DOP demandé :            8"
"Message",Normal,"Durée DOP :              1.0"
"Message",Normal,"Durée de vie DOP :       1.0"
"Message",Low,"Exécution de la tâche ""StartProcessTask"" terminée."
"Message",Low,"Tâche ""Move"" ignorée en raison d'une fausse condition ; ('$(PdbPath)'!='') a été évaluée comme (''!='')."
"Message",Low,"Génération de la cible ""MDILBind"" terminée dans le projet ""Unnamed_1""."
"Message",Low,"Cible ""CopyNativeExecutablesToOutput"" dans le fichier ""C:\Program Files (x86)\MSBuild\Microsoft\.NetNative\ARM\ilc\IlcInternals.targets"" du projet ""D:\Projets\StrasInfo\StrasInfo\StrasInfo\Unnamed_1"" (la cible ""Build"" en dépend) :"
"Message",Low,"Utilisation de la tâche ""AddToNativePackageTask"" à partir de l'assembly ""C:\Program Files (x86)\MSBuild\Microsoft\.NetNative\ARM\ilc\ilc.exe""."
"Message",Low,"Tâche ""AddToNativePackageTask"""
"Message",Low,"Exécution de la tâche ""AddToNativePackageTask"" terminée."
"Message",Low,"Tâche ""AddToNativePackageTask"""
"Message",Low,"Exécution de la tâche ""AddToNativePackageTask"" terminée."
"Message",Low,"Tâche ""AddToNativePackageTask"" ignorée en raison d'une fausse condition ; ('$(BuildSharedAssemblies)' != 'true' and '$(AllowAppLocalMrt)' == 'true') a été évaluée comme ('false' != 'true' and 'false' == 'true')."
"Message",Low,"Tâche ""AddToNativePackageTask"" ignorée en raison d'une fausse condition ; ('$(BuildSharedAssemblies)' == 'true') a été évaluée comme ('false' == 'true')."
"Message",Low,"Tâche ""AddToNativePackageTask"" ignorée en raison d'une fausse condition ; ('$(BuildSharedAssemblies)' == 'true') a été évaluée comme ('false' == 'true')."
"Message",Low,"Tâche ""AddToNativePackageTask"" ignorée en raison d'une fausse condition ; ('$(BuildSharedAssemblies)' == 'true') a été évaluée comme ('false' == 'true')."
"Message",Low,"Tâche ""AddToNativePackageTask"" ignorée en raison d'une fausse condition ; ('$(BuildSharedAssemblies)' == 'true' And '$(InternalFeatureSwitch_ILTableOfContents)' == 'true') a été évaluée comme ('false' == 'true' And 'true' == 'true')."
"Message",Low,"Tâche ""AddToNativePackageTask"" ignorée en raison d'une fausse condition ; ('$(BuildSharedAssemblies)' == 'true' And '$(InternalFeatureSwitch_ILTableOfContents)' == 'true') a été évaluée comme ('false' == 'true' And 'true' == 'true')."
"Message",Low,"Tâche ""AddToNativePackageTask"" ignorée en raison d'une fausse condition ; ('$(BuildSharedAssemblies)' == 'true' And '$(InternalFeatureSwitch_ILTableOfContents)' == 'true') a été évaluée comme ('false' == 'true' And 'true' == 'true')."
"Message",Low,"Tâche ""AddToNativePackageTask"" ignorée en raison d'une fausse condition ; ('$(BuildSharedAssemblies)' == 'true' And '$(InternalFeatureSwitch_ILTableOfContents)' == 'true') a été évaluée comme ('false' == 'true' And 'true' == 'true')."
"Message",Low,"Tâche ""AddToNativePackageTask"" ignorée en raison d'une fausse condition ; ('$(BuildSharedAssemblies)' == 'true') a été évaluée comme ('false' == 'true')."
"Message",Low,"Tâche ""AddToNativePackageTask"" ignorée en raison d'une fausse condition ; ('$(BuildSharedAssemblies)' == 'true') a été évaluée comme ('false' == 'true')."
"Message",Low,"Tâche ""AddToNativePackageTask"" ignorée en raison d'une fausse condition ; ('$(BuildSharedAssemblies)' == 'true') a été évaluée comme ('false' == 'true')."
"Message",Low,"Tâche ""AddToNativePackageTask"" ignorée en raison d'une fausse condition ; ('$(Pgi)'=='true') a été évaluée comme ('false'=='true')."
"Message",Low,"Tâche ""AddToNativePackageTask"" ignorée en raison d'une fausse condition ; ('$(BuildSharedAssemblies)' == 'true') a été évaluée comme ('false' == 'true')."
"Message",Low,"Tâche ""AddToNativePackageTask"" ignorée en raison d'une fausse condition ; ('$(BuildSharedAssemblies)' == 'true' And '$(InternalFeatureSwitch_ILTableOfContents)' == 'true') a été évaluée comme ('false' == 'true' And 'true' == 'true')."
"Message",Low,"Tâche ""AddToNativePackageTask"" ignorée en raison d'une fausse condition ; ('$(BuildSharedAssemblies)'=='true' and '@(SharedFrameworkReswFiles)' != '' And '$(InternalFeatureSwitch_ILTableOfContents)' == 'true') a été évaluée comme ('false'=='true' and '' != '' And 'true' == 'true')."
"Message",Low,"Tâche ""AddToNativePackageTask"" ignorée en raison d'une fausse condition ; ('$(UseFrameworkPackage)' != 'true' and '@(InputSharedLibrariesToCopy)' != '') a été évaluée comme ('False' != 'true' and '' != '')."
"Message",Low,"Génération de la cible ""CopyNativeExecutablesToOutput"" terminée dans le projet ""Unnamed_1""."
"Message",Low,"Cible ""CopyExtractedResourcesToOutput"" dans le fichier ""C:\Program Files (x86)\MSBuild\Microsoft\.NetNative\ARM\ilc\IlcInternals.targets"" du projet ""D:\Projets\StrasInfo\StrasInfo\StrasInfo\Unnamed_1"" (la cible ""Build"" en dépend) :"
"Message",Low,"Tâche ""AddToNativePackageTask"""
"Message",Low,"Exécution de la tâche ""AddToNativePackageTask"" terminée."
"Message",Low,"Tâche ""AddToNativePackageTask"""
"Message",Low,"Exécution de la tâche ""AddToNativePackageTask"" terminée."
"Message",Low,"Tâche ""AddToNativePackageTask"""
"Message",Low,"Exécution de la tâche ""AddToNativePackageTask"" terminée."
"Message",Low,"Génération de la cible ""CopyExtractedResourcesToOutput"" terminée dans le projet ""Unnamed_1""."
"Message",Low,"Cible ""TransformAppxManifestAndAddCrt"" dans le fichier ""C:\Program Files (x86)\MSBuild\Microsoft\.NetNative\ARM\ilc\IlcInternals.targets"" du projet ""D:\Projets\StrasInfo\StrasInfo\StrasInfo\Unnamed_1"" (la cible ""Build"" en dépend) :"
"Message",Low,"Utilisation de la tâche ""TransformAppxManifestTask"" à partir de l'assembly ""C:\Program Files (x86)\MSBuild\Microsoft\.NetNative\ARM\ilc\ilc.exe""."
"Message",Low,"Tâche ""TransformAppxManifestTask"""
"Message",Low,"Exécution de la tâche ""TransformAppxManifestTask"" terminée."
"Message",Low,"Tâche ""AddToNativePackageTask"""
"Message",Low,"Exécution de la tâche ""AddToNativePackageTask"" terminée."
"Message",Low,"Tâche ""AddToNativePackageTask"" ignorée en raison d'une fausse condition ; ($(AddCrt)) a été évaluée comme (false)."
"Message",Low,"Tâche ""AddToNativePackageTask"" ignorée en raison d'une fausse condition ; ($(AddWin8Adapters)) a été évaluée comme (false)."
"Message",Low,"Tâche ""AddToNativePackageTask"" ignorée en raison d'une fausse condition ; ($(AddWin8Adapters)) a été évaluée comme (false)."
"Message",Low,"Tâche ""AddToNativePackageTask"" ignorée en raison d'une fausse condition ; ($(AddWin8Adapters)) a été évaluée comme (false)."
"Message",Low,"Tâche ""AddToNativePackageTask"" ignorée en raison d'une fausse condition ; ($(AddWin8Adapters)) a été évaluée comme (false)."
"Message",Low,"Tâche ""AddToNativePackageTask"" ignorée en raison d'une fausse condition ; ($(AddWin8Adapters)) a été évaluée comme (false)."
"Message",Low,"Tâche ""AddToNativePackageTask"" ignorée en raison d'une fausse condition ; ($(AddWin8Adapters)) a été évaluée comme (false)."
"Message",Low,"Tâche ""AddToNativePackageTask"" ignorée en raison d'une fausse condition ; ($(AddWin8Adapters)) a été évaluée comme (false)."
"Message",Low,"Génération de la cible ""TransformAppxManifestAndAddCrt"" terminée dans le projet ""Unnamed_1""."
"Message",Low,"Cible ""MergeFrameworkReswFilesWithTheAppPriFile"" ignorée en raison d'une fausse condition ; ('@(AppResources)' != '' And '$(UseResKeysInsteadOfResStrings)' != 'true') a été évaluée comme ('D:\Projets\StrasInfo\StrasInfo\StrasInfo\obj\ARM\Release\ilc\in\resources.pri' != '' And 'true' != 'true')."
"Message",Low,"Cible ""CopyPackageResourceFileInRetailBuild"" dans le fichier ""C:\Program Files (x86)\MSBuild\Microsoft\.NetNative\ARM\ilc\IlcInternals.targets"" du projet ""D:\Projets\StrasInfo\StrasInfo\StrasInfo\Unnamed_1"" (la cible ""Build"" en dépend) :"
"Message",Low,"Tâche ""AddToNativePackageTask"""
"Message",Low,"Exécution de la tâche ""AddToNativePackageTask"" terminée."
"Message",Low,"Génération de la cible ""CopyPackageResourceFileInRetailBuild"" terminée dans le projet ""Unnamed_1""."
"Message",Low,"Cible ""Build"" dans le fichier ""C:\Program Files (x86)\MSBuild\Microsoft\.NetNative\ARM\ilc\IlcInternals.targets"" du projet ""D:\Projets\StrasInfo\StrasInfo\StrasInfo\Unnamed_1"" (point d'entrée) :"
"Message",Low,"Génération de la cible ""Build"" terminée dans le projet ""Unnamed_1""."
"Message",Low,"Génération du projet ""Unnamed_1"" terminée."
"Message",Low,"La génération a réussi."
